bgc_name	genome_name	score
GX_BH_contig_20069125.region001	GX_BH_bin_10	1.0
GX_BH_contig_13436386.region001	GX_BH_bin_10	1.0
GX_BH_contig_33316885.region001	GX_BH_bin_33	0.9218839954949086
GX_BH_contig_17258045.region001	GX_BH_bin_33	0.9218839954949086
GX_BH_contig_33316885.region002	GX_BH_bin_33	0.9218839954949086